NAME,shortname,TYPE,Description,Cost,Minimum,Blueprints,Source,Effect
Atropine,,Chemicals,"Though poisonous in large doses, atropine is an effective antidote against nerve agents like BTX2 and Nervex. Easily synthesized in a maker, atropine will avert the effect whether taken soon before or after dosage by a nerve agent.",Trivial,,TRUE,EP.323,General toxin antidote
DMSO,,Chemicals,"This chemical acts as a carrier, allowing other chemicals to be absorbed through the skin. It allows any chemical agent to be applied dermally.",Trivial,,TRUE,EP.323,Dermal application for other chemicals
Liquid Thermite,,Chemicals,"Similar to scrapper's gel, liquid thermite comes in a gel form that is easily applied under all environmental conditions (by the nature of its chemical reaction, thermite is oxygenated and will burn underwater or in space). It is ignited with an electric charge, burning at temperatures exceeding 2,500 degrees Celsius and melting through whatever it is touching. Liquid thermite inflicts 3d10 + 5 DV per Action turn to whatever it is touching. Armor will also be burnt through, offering no protection once the full Armor rating has been reached.",Moderate,,TRUE,EP.323,3d10 + 5 DV per action turn
NotWater,,Chemicals,"NotWater is an effective liquid fire retardant that does not get objects wet, no matter how absorbent they are""it simply beads up and slides right off.",Trivial,,TRUE,EP.323,Fire retardant
Scrapper's Gel,,Chemicals,"This goo turns into a potent acid when given an electrical charge. It comes in a gel-like state and may be smeared like jelly, and may even be used in space. In acid form, scrapper's gel does 1d10 + 5 DV per Action Turn to anything it touches, unless the material has been treated against acid. Armor will protect against this acid at first, but the acid will eat through the armor, so that it will no longer protect after its full armor value has been reached.",Low,,TRUE,EP.323,1d10 + 5 DV per action turn
Slip,,Chemicals,"This liquid is almost entirely frictionless. When spread around an area (commonly used in splash grenades), anyone attempting to walk or run on the affected surface must make a COO Test or fall down. Likewise, any coated surface becomes extremely hard to grip onto, requiring a SOM Test to hang on. Anyone attempting to grapple a slip-soaked character suffers a -30 modifier.",Low,,TRUE,EP.323,"COO x 3 test to avoid falling, SOM x 3 test to avoid losing grip"
Tracker Dye,,Chemicals,This liquid is colorless at normal light but becomes recognizable under pre-specified different wavelengths (such as infrared or ultraviolet).,Trivial,,TRUE,EP.323,
Fiberoptic Cable,,Communications,"Fiberoptic cables are used to establish wired connections between two devices. Given the ubiquity of radios and the tangled mess wires cause, they are typically only used for privacy (unlike radio communication, fiberoptic signals may not be intercepted) or in areas with heavy radio interference.",Trivial,,TRUE,EP.313,
High-QBit Reservoir,,Communications,"High-capacity qubit reservoirs can be used for 100 hours of high-resolution video conferencing or meshbrowsing and 1,000 hours of voice or text only communications.",Expensive,,FALSE,EP.315,
Hypersonic Communicator,,Communications,"This device allows the user to transmit audio in a beam, so that the directed sound is only audible at the targeted position",Low,,TRUE,PO.150,
Laser Link,,Communications,"This portable device is used to establish a tight-beam, line-of-sight communications channel with laser link. The range of this transceivers varies widely with environmental factors, but approximates 50 kilometers in atmosphere and 500 kilometers in space (though horizon limits must be kept in mind, being 5 kilometers at ground level on Earth and less on smaller bodies). Lasers are subject to interference from fog, dirt, smoke, and similar visual chaff. These links may only be intercepted by getting directly in between the beams. Some teams carry a micro version of this system, worn on their person, allowing line of sight intra-team communications that cannot be intercepted like radio.",Moderate,,TRUE,EP.314,
Low-QBit Reservoir,,Communications,Low-capacity qubit reservoirs can be used for 10 hours of high-resolution video conferencing or meshbrowsing and 100 hours of voice or text only communications.,High,,FALSE,EP.315,
Microwave Link,,Communications,"This portable device is used to establish a tight-beam, line-of-sight communications channel with laser link. The range of this transceivers varies widely with environmental factors, but approximates 50 kilometers in atmosphere and 500 kilometers in space (though horizon limits must be kept in mind, being 5 kilometers at ground level on Earth and less on smaller bodies). Microwaves may be hindered by metallic obstructions. These links may only be intercepted by getting directly in between the beams. Some teams carry a micro version of this system, worn on their person, allowing line of sight intra-team communications that cannot be intercepted like radio.",Moderate,,TRUE,EP.314,
Miniature Radio Farcaster,Miniature Farcaster,Communications,"Miniature farcasters communicate with each other using standard radio transceivers. As noted above, they may only securely communicate with the other farcasters with which they are entangled. Most miniature farcasters are worn as jewelry or fitted into clothing or other equipment.",Low,,TRUE,EP.315,
Mission Recorder,,Communications,"Mini-sized spime designed to record live XP-cast, or other sensor feeds from gatecrashing teams.",Trivial,,TRUE,GC.155,
Neo-Cetacean Translation Device,,Communications,A small dime sized device that translates to an from the Neo-Cetacean language. Has Exotic Language: Neo-Cetacean at 50.,Low,,TRUE,PO.150,
Neutrino Retreat,,Communications,Remote backup storage for use with Emergency Farcasters (EP 306). Communicates with up to 10 different emergency farcasters and can store up to 10 egos.,High,,FALSE,GC.154,
Neutrino Transceiver,,Communications,"This transceiver is capable of generating and receiving neutrino signals at a range of at least 100 astronomical units. It is large, with a size of 8 cubic meters (in a cube 2 meters on a side), but they can be loaded onto large vehicles. To function, it must be connected to a large power plant, such as one found in habitats or large spacecraft. The cost and size of this device includes the computer necessary for quantum farcasting.",Expensive,,FALSE,EP.314,
Portable QE Comm,,Communications,"This is a handheld FTL communications device. The actual communications unit can be made as small as desired, but must be large enough to connect to or hold a qubit reservoir. Because qubit reservoirs are relatively large and must be replaced, they are rarely implanted. Some miniature farcasters are designed so that users can also attach qubit reservoirs to enable them to be used for both light speed and FTL communication.",Low,,TRUE,EP.315,
Radio Beacon,,Communications,"Portable, medium radio transmitter with a 250km range. Can be programmed with message(s) and set to repeat, alternate, or broadcast to a schedule.",Low,,TRUE,GC.154,
Radio Booster,,Communications,"This device boosts the range and sensitivity of short-range radios, like those from implants, ectos, or microbugs. The booster must be with the shorter-ranged device's range (or directly linked via fiberoptic cable). It will repeat any transmissions received from that device, but at its extended range of 25 kilometers in urban areas (250 kilometers remote areas). Broadcasts from a radio booster are easy to receive by anyone looking for broadcasts, though transmissions may be stealthed. Boosters are commonly used by characters traveling far from habitats or other civilized regions.",Low,,TRUE,EP.314,
Satnet-in-a-Can,Satnet in a Can,Communications,"a large self-launching smart-missile that deploys small orbital satellites. In 1-3 days it provides planet wide gps, surface map, and radio communications. ",High,,TRUE,GC.154,
Acoustic Spotter,,Espionage,This portable sensor system detects the audio signature of kinetic weapons fire and attempts to focus the camera and rangefinder on the source.,Moderate,,TRUE,PO.150,
Chameleon Cloak,,Espionage,"This loose, poncho-like cloak contains a network of sensors that perceive wavelengths from microwave to ultra-violet. A similar network of miniature emitters precisely replicate the information its sensors receive, making the wearer seem transparent to those wavelengths. A chameleon cloak allows a character to effectively become invisible as long as they are stationary or not moving faster than a slow walk. When worn by someone moving faster, the cloak still provides a +30 modifier to Infiltration Tests to avoid being seen or noticed. Chameleon cloaks are not effective against radar, x-ray, or gamma-ray sensors. They do hide the character from thermal infrared, however, by absorbing the character's body heat into its heat sink. The cloak can only absorb a character's body heat for one hour before it must emit this heat. Heat emission also requires one hour, during which time the character is easily visible in the thermal infrared spectrum.",Low,,TRUE,EP.315,+30 Infiltration
Covert Ops Tool,,Espionage,"This handheld device is the ultimate in infiltration technology. It contains both smart matter micromanipulators, cutting tools, and an advanced nanotechnology generator capable of producing nanobots that can bore or cut through almost any material and disable or open almost any electronic lock. Cutting out a lock or boring a 1-millimeter hole in a wall with a COT requires ((Durability + Armor) / 10) seconds. Cutting out a 1-meter diameter hole in a wall requires ((Durability + Armor) / 10) minutes. These same nanobots can later be used to repair this damage so that it is invisible to any but the most careful and detailed examination. A COT can easily open any old-fashioned mechanical lock simply by analyzing it and shaping an appropriate key, though this takes a full Action Turn. It can also open electronic locks by infiltrating them with nanobots that influence the lock's electronics, no matter what authentication system the lock uses. Opening electronic locks takes a full Action Turn, but success is practically guaranteed. Opening an electronic lock in this manner will, however, trigger an alarm and/or be logged as an event.",High,,TRUE,EP.315,
Cuffband,,Espionage,"This smart plastic loop restricts around a prisoner's limbs when activated. If the prisoner struggles, it will tighten more. Cuffbands will inform the user if they are cut or loosened and are electronically-controlled, so the user can release the prisoner remotely. Some cuffband variants including a shock system (treat as a shock baton) to zap and restrain unruly prisoners.",Low,,TRUE,EP.316,
Dazzler,,Espionage,"The dazzler is a tiny laser system set on a rotating ball. When activated, it consistently spins and emits laser pulses in all directions. These laser pulses are not dangerous, but they detect the lenses of camera systems (including specs, viewers, and bot/synthmorph sensors) and repeatedly zap them with laser pulses of varying strength to overload and dazzle them. For as long as a dazzler is active, any camera system (visual, infrared, and ultraviolet) within line of sight and within 200 meters is blinded.",Moderate,,TRUE,EP.316,
Disabler,,Espionage,"This handy device emits an overloading surge that completely incapacitates and disables a synthetic morph or pod (anything with a cyberbrain) when it is plugged into an access jack and activated. The affected cyberbrain will be unable to function until the signal is deactivated, effectively shutting down the ego (or AI). In order to plug a disabler into an unwilling target, the target must first be grappled or a called shot must be successfully made in melee combat. This device does not work on larger synthetic morphs (like vehicles) or on cyberbrainless robots.",High,,TRUE,EP.316,
DNA Chaff,,Espionage,This device similar to a splash grenade contains a mass of biological debris from a thousand morphs. It is used to contaminate an area for DNA evidence.,Moderate,,TRUE,PO.150,
FiberEye,,Espionage,"This is a flexible and electronically-controllable length of fiberoptic cable and viewer, which can be worked through cracks, under doors, and around corners to peep unobtrusively.",Low,,TRUE,EP.316,
Graybox,,Espionage,"This micro device is a simple self powered wireless interface. When attached to an existing device, it allows that device to be interfaced via a wireless connection.",Moderate,,TRUE,PO.150,
Invisibility Cloak,,Espionage,"This cloak is made of metamaterials with a negative refractive index, so that light actually bends around it, making it and anything it covers invisible. This invisibility works from the microwave to ultraviolet spectrums, but not against radar or x-rays. The drawback is that anything concealed within the cloak can't see out. This is easily overcome by using external sensor feeds (if available) and entoptics to navigate. Alternately, a small piece of anti-cloak, which cancels the cloak's invisibility properties when touched together, can be used to create a small window to peep out of, though this increases the chance of being spotted. Noticing such a window requires a Perception Test with a -30 modifier.",High,,TRUE,EP.316,
Lens Crazer,,Espionage,"A more offensive version of the dazzler this device attempts to ruin camera optic systems. It takes one Action Turn to detect lenses, then begins zapping them.",High,,TRUE,PO.151,
Lens Spotter,,Espionage,"A less intrusive version of the dazzler this device maps out the camera lenses in an area, without dazzling or blasting them with lasers.",Low,,TRUE,PO.151,
Microbug,Bug,Espionage,"This device is a tiny camera and microphone 1 millimeter across. It has the visual capabilities of a set of specs. It can hear everything within 20 meters and see everything within the same range that is in its line of sight. A microbug can record up to 100 hours of information. Microbugs can be set to broadcast continuously, at set intervals, or only when they receive a special signal. If desired, they can also be set to only record if there is movement or voices in the room they are in. Microbugs have adhesive backs and can stick to almost any surface. Microbugs can also establish their location via mesh positioning or GPS, and so double as tracking devices. To avoid being detected by their radio transmissions, some microbugs are attached to miniature quantum farcasters. These microbugs are much larger (1 centimeter) and easy to see, but their transmissions cannot be detected or blocked.",Trivial,,TRUE,EP.316,
Prisoner Mask,,Espionage,"This hood tightens around the head of a prisoner, blocks all vision frequencies, and engages in low-level jamming in order to prevent any wireless communication via mesh inserts.",Medium,,TRUE,EP.316,
Privacy Pod,,Espionage,"A portable self-assembling tent-like structure that is a soundproofed Faraday cage, featuring a guardian nanoswarm, an airlock with a built-in bug zapper.",High,,TRUE,PO.151,
Psi Jammer,,Espionage,"This device jams frequencies used by brainwaves within a 20-meter radius. This has no effect on brain functions, but it does prevent any ranged used of psi sleights within this area of effect.",Moderate,,TRUE,EP.316,
Quantum Computer,,Espionage,"These advanced devices make use of quantum computation, allowing them to handle extremely large numbers with ease. This makes them especially useful for codebreaking.",Expensive,,FALSE,EP.316,
Quantum Microbug,Quantum Bug,Espionage,1cm camera/mic./tracker. Audio/visual range 20 meters. Can record 100 hours of data. Broadcasts cannot be detected or blocked.,Low,,TRUE,EP.316,
Radar Cloak,,Espionage,This cloak works like the invisibility cloak except that it bends radar frequencies and makes the wearer invisible to radar sensors.,High,,TRUE,PO.151,
Shroud,,Espionage,"This device is a whole-body smart-fabric covering, similar to a burkha, designed to provide as much anonymity as possible to the wearer. ",High,,TRUE,PO.151,
Smart Dust,,Espionage,"This device is a walnut-sized specialized nanobot generator that creates tiny sensor nanobots, each one of which is a tiny sphere the diameter of a human hair. A packet of smart dust nanobots is sufficient to perform detailed surveillance on a large room like an auditorium has a volume of 1 cubic centimeter and contains 3 million nanobots. Each nanobot contains tiny cameras, microphones, a tiny computer, a radio, and chemical sensors, as well as short legs that allow them to walk and climb at a rate of 5 cm per second. When a character dumps a packet of smart dust in a room, it will cover every surface in the room within 20 minutes, including all furniture and the insides of every drawer and other space that is not airtight. At this point, the smart dust has recorded all data about the room that can be obtained by exceedingly detailed observation, including the DNA of everyone who has visited the room in the last week or two. The smart dust can then either broadcast a brief, highly compressed signal, or it can send all of its information to a few hundred nanobots that then walk to a pre-arranged destination for pickup and downloading by their user. The user need only find a single nanobot with a nanodetector to acquire the information obtained by the smart dust. If ordered to do so, the remaining nanobots can either power down and await further orders or self-destruct in a fashion that turns them into a tiny amount of dust made mostly of metal and silicon.",Moderate,,TRUE,EP.316,
Stealthed Landing Pod,,Espionage,"Sometimes, Firewall teams cannot egocast to a location and must instead physically travel there. If this location is sufficiently dangerous or simply does not welcome visitors, docking a spacecraft may not be possible. In these cases, Firewall teams often use this vehicle. It is designed to be launched from a spacecraft that is passing within 100,000 kilometers of the target. That spacecraft fakes a micrometeor strike or other problem that causes a small explosion and some minor debris. On rare occasions, to insure complete surprise, the spacecraft may actually self-destruct. During this explosion, the landing pod fires a brief burst of its metallic hydrogen rocket to direct it towards its desti- nation, then powers down. The landing pod is heavily stealthed against visual and radar detection, so that it is almost impossible to detect with any sensors if it is not broadcasting or firing its engines (-60 to tests to detect). The landing pod travels toward its destination for between 10 and 100 hours, then approximately 1 minute before it arrives, it fires its engines in a second brief, powerful burst that slows it down to allow it to safely land on its destination. When it fires its engines, sensors on its destination are likely to detect it (+30), but residents of this habitat will hopefully not have time to respond before the operatives can enter the habitat. Landings are often coordinated with mesh intrusions that seek to distract the target's defenses or temporarily disable the local sensors. The landing pod can carry up to six human-sized morphs and has long-term life support facilities to allow it to transport biomorphs. The landing pod has sufficient fuel to allow it to also take off from a habitat and rendezvous with a nearby spacecraft. It also contains a compact radio, microwave, and laser farcaster that allow operatives to remain in secure contact with others and to egocast off the habitat, as long as the users can remain in radio contact with the landing pod. The most expensive landing pods contain a single-use neutrino farcaster capable of broadcasting backups of up to six egos. Using this farcaster destroys the landing pod. Landing pods are designed to dock with habitats, not planets or large moons, and cannot safely land on or take off from any body with a surface gravity of more than 0.04 g. This landing pod is 3.5 meters tall, 3 meters in diameter, and has a mass of 3 tons. In addition to room for six morphs, it features a cargo hold with room for up to 8 medium-sized pieces of gear and numerous smaller items. Cost is doubled when an Emergency Neutrino Transceiver is installed.",Expensive,,FALSE,,
Traction Pads,,Espionage,"This set of specialized fingerless gloves, shoes, and kneepads is designed to emulate the pads on geckos' feet. Characters can support themselves on a wall or ceiling by placing any two of these pads against any surface not made from a material specially designed to resist such devices. Characters can climb any surface and move easily across walls and ceilings that can support their weight (+30 to Climbing Tests). In addition to climbing, these devices are also very popular in zero-g environments. Wearing this item does not impair the user's agility or manual dexterity.",Low,,TRUE,EP.317,
White Noise Machine,,Espionage,This small and wearable device generates masking sounds that protect a conversation from being audibly recorded or overheard by anyone not in the immediate vicinity.,Trivial,,TRUE,EP.317,
X-Ray Emitter,,Espionage,"This device is designed to be used with either the enhanced vision augmentation or specs. It emits a focused beam of low-powered x-rays that allows the user of either device to both see and see through most objects using backscatter x-ray radiation. This allows the character to literally see through walls and into containers, including ones made of metal.",Low,,TRUE,EP.317,
Dust Repellent,,Everyday Technology,This smart material spray prevents electrostatic dust from adhering to surfaces. One can is enough to cover eight morphs or a single large Morph.,Trivial,,TRUE,RW.191,
Ecto,,Everyday Technology,"Ectos are the external version of basic mesh inserts, minus the medical sensors. These colorful devices serve as a wearable mesh terminal, PDA, locator, and camera-phone. The devices are flexible (often worn as bracelets), dirt-resistant, self-cleaning, and may be stretched out to increase screen size. They may project holographic displays and are typically equipped with wireless-enabled glasses or contact lenses and decorative earpieces or earrings so that the user may access augmented reality. Given the ubiquity of mesh inserts, ectos are growing less common, but they are still used by bioconservatives, others without implants, and those who prefer to access the mesh via an external device for security concerns.",Low,,TRUE,EP.325,
Flying Vest,,Everyday Technology,This vest allows the wearer to fly in low gravity environments with an atmosphere. It can operate for 4 hours before it must be recharged.,Moderate,,TRUE,RW.191,
Fractal Gloves,,Everyday Technology,These gloves duplicate the effects of the fractal digits and nanoscopic vision implants(EP p. 311).,Moderate,,TRUE,RW.191,
Grip Tape,,Everyday Technology,"This sticky nanotape can be applied to almost any surface, allowing items to be stuck in place with the adhesive power of grip pads.",Trivial,,TRUE,GC.155,
Holographic Projectors,,Everyday Technology,"These devices are capable of projecting high-definition, ultra-realistic three- dimensional images and movies. From a distance (20+ meters), such holograms can be difficult to distinguish as fake, but up close they are easier to see for what they are (+20 Perception Test modifier). Holograms do not appear wavelengths other than visual light, and so are easily identified by anyone with enhanced vision.",Low,,TRUE,EP.325,
Micrograv Shoes,,Everyday Technology,"These shoes are equipped with velcro and/or a magnetic system, allowing the wearer to walk normally on appropriate surfaces in micrograv and zero-G environments, rather than floating or bouncing.",Trivial,,TRUE,EP.325,
Morph Storage Pod,,Everyday Technology,"This coffin-sized tank keeps a biomorph safely stored in medical stasis. They are routinely used in body banks and egocasting facilities, maintaining unused sleeves in a coma-like state within a nutrient bath. Some jurisdictions only allow morph storage pods to be operated by certified medical personnel and technicians.",Moderate,,TRUE,FW.175,
Nuclear Battery,,Everyday Technology,"put out 1 kilowatt of power continuously for up to three years. If used as ammo, recharge at 20 shots per hour. Changing a battery is a standard action.",Low,,TRUE,GC.155,
Plasma Sail,,Everyday Technology,This backpack provides the user with 0.01G of Thrust that can land a take off from objects with a max of 0.05G. It uses the Flight Skill.,Expensive,,FALSE,RW.191,
Portable Sensor,,Everyday Technology,"This is a small portable (possibly even wearable) sensor system. The type of sensor must be chosen (for example: infrared, lidar, radar, x-ray). Combined sensor systems are also available, at a cumulative cost.",Moderate,,TRUE,EP.325,
Smart Clothing,,Everyday Technology,"Smart clothing can change its color, texture, and even its cut, taking only a minute or two to transform from a solid color jumpsuit to a plaid party dress or a replica of a pinstriped, late 20th century business suit. It can also camouflage the wearer, providing a +20 bonus to Infiltration Tests to avoid being seen, as long as the wearer is stationary or not moving faster than a slow walk, and as long as the wearer is completely covered or also using chameleon skin of the same color/pattern. If incompletely camoufaged, or if moving faster, reduce the modifier to +10. Smart clothing also keeps the character warm or cool, allowing the character to exist comfortably in environments from -40 to 70 C.",Low,,TRUE,,
Smart Manipulators,,Everyday Technology,"The device can create an array of tools. It can sprout wings, gliding membranes, or flexible 7m limbs or 30m lengths of electronic rope.",High,,TRUE,RW.191,
Solar Recharger,,Everyday Technology,"Like Nuclear Batter, but requires sunlight and has 1.5 meter square panel.",Trivial,,TRUE,GC.155,
Specs,,Everyday Technology,"Specs are vision-enhancing glasses. They deliver sensory data directly into the wearer's visual cortex by connecting with their basic mesh inserts, though visual displays are available for bio-conservatives and other characters without implants. Specs extend the range of the wearer's vision from terahertz waves to gamma rays. Specs include a t-ray emitter, however, using x-rays, or gamma rays for visual purposes requires a separate emitter, since neither of these sorts of radiation are common inside habitats, or in any safe environments. Specs have a variable focus equivalent to 5 power magnifiers and provide the wearer with a +10 bonus to all Perception Tests involving vision.",Low,,TRUE,EP.326,
Standard Battery,,Everyday Technology,"rechargeable, high-density superconductors.",Trivial,,TRUE,GC.155,
Tools (facility),Tool facility,Everyday Technology,A fixed workshop for a specific Hardware: Field skill.,Expensive,,FALSE,EP.326,
Tools (kit),Tool kit,Everyday Technology,A man-portable took kit for a specific Hardware: Field skill.,Low,,TRUE,EP.326,
Tools (shop),Tool shop,Everyday Technology,A vehicle-transportable workshop for a specific Hardware: Field skill.,High,,TRUE,EP.326,
Utilitool,,Everyday Technology,"This hand tool includes a specialized small nanobot generator. In its basic form, a utilitool is the size and shape of a large fountain pen. It can transform into almost any tool, however, from a wrench, knife, or powered screwdriver to a rotary grinder or pair of pliers. Some inexpensive utilitools are optimized for specialized tasks, like cooking or wilderness survival, but more expensive models become almost any imaginable hand tool. Utilitools are normally mentally controlled using the character's basic mesh inserts. Characters without such implants can control the tool via voice commands and touch controls. Characters using a utilitool gain a +10 modifier to skills involving repairing or modifying devices with mechanical parts, opening locks, disarming alarm systems, or performing first aid.",Low,,TRUE,EP.326,
Viewers,,Everyday Technology,"These small and highly advanced binoculars possess all the visual enhancement of specs, but also provide 50x magnification. They also include a directional microphone that magnifies sound from the direction the viewers are pointed by a factor of 50. Viewers provide the user with a +30 bonus to all Perception Tests involving vision or hearing for the target they are aimed at. This bonus is not cumulative with bonuses from any other device or augmentation.",Low,,TRUE,EP.326,
Wireless Energy Transmitter,,Everyday Technology,Transfer energy from Nuclear or Solar power source to device within 20 meters.,Trivial,,TRUE,GC.155,
Blue Box Portable Gate Control Unit,Blue Box,Exploration Gear,Portable gate control unit (GC p. 142). Requires a Hardware: Electronics Test as a Task Action with a -10 modifier and a timeframe of 1 hour.,Expensive,,FALSE,GC.155,
Gate Probe,,Exploration Gear,Portable medium-sized self-deploying sensor packages. Taking a measurement requires only 1 Action Turn. Has Perception 40 and Academics: Chemistry 60,Moderate,,TRUE,GC.156,
Mapping Missile,,Exploration Gear,Small orbital missile which provides low res planetary map data in 1-2 days. Has Perception 40 and Academics: Chemistry 60,Moderate,,TRUE,GC.156,
Portable Solarchive,,Exploration Gear,Small data storage units that hold mesh libraries for specific subjects (one knowledge skill at 60). Allows queries and research tests as if connected to the mesh.,Low,,TRUE,GC.156,
Scout Missile,,Exploration Gear,Disposable launch tube with sensor missiles. Maps 5km radius or 10km in a direction in 20 min and has a Perception of 40.,Moderate,,TRUE,GC.156,
Cleaner Swarm,Cleaners,Nanotechnology,"This nanoswarm cleans, polishes, and removes dirt and stains. It may be used on an area, specific objects, or people. Some facilities employ permanent cleaner swarms to keep their area spotless. Cleaners may also be programmed to remove specific toxins, chemicals, or other hazardous substances in order to decontaminate an area. Covert operatives and criminals sometimes use cleaners to eliminate any evidence they may have left at a scene usable for forensics purposes, such as blood, hair, or anything that could be DNA-typed.",Low,,TRUE,EP.329,
Desktop Cornucopia Machine,,Nanotechnology,"Cornucopia machines (CMs) are general-purpose nanofabricators. The smallest CMs are desk-sized cubes approximately half a meter on a side with a volume of at least 40 liters. They can produce any small object, from tools to well-folded suits of clothing to handguns or a bowl of cereal. It is sometimes possible to assemble larger items, but they must be manufactured in smaller pieces and then assembled (likely requiring an appropriate Hardware Test). While users can purchase bulk raw materials, CMs also come equipped with a disassembler. The user loads garbage and other objects into the disassembler so that they can be turned into raw materials for the CM. All legally-available disassemblers only deconstruct non-living material.",Expensive,,FALSE,EP.327,
Disassembler Swarm,Disassemblers,Nanotechnology,"Also known as smart corrosives, these nanobots break down any matter. Their advantage over common acids is that not only are they able to break down any material by using energy to disrupt chemical bonds, but that they can be programmed to take apart certain components while ignoring others, leaving them intact. Disassemblers are a common weapon used against synthmorphs, eating away their components without having to worry about accidentally splashing biomorphs. Upon contact, these nanobots inflict 1d10 / 2 damage (round up) per Action Turn. Accumulated damage counts as a wound when the Wound Threshold is reached. Both Energy and Kinetic armor protect against this damage, but these armors are eaten away as well, so the Armor Value is reduced by the soaked DV.",High,,TRUE,EP.329,
Ego Bridge,,Nanotechnology,"Ego bridges are vat devices used for uploading and downloading minds. See Backups and Uploading, and Resleeving.",Expensive,,FALSE,EP.328,
Engineer Swarm,Engineers,Nanotechnology,"Engineer microswarms are used for various construction purposes: erecting walls, digging tunnels, sealing holes, reinforcing foundations, and so on.",Moderate,,TRUE,EP.329,
Fabber,,Nanotechnology,"Fabbers are specialized nanofabricators, portable and considerably smaller than CMs. There are a wide variety of portable fabbers, including ones that can make any hand tool or small piece of personal electronics, ones that can turn any organic material into food and drink, and ones that can create any drug or medicine as well as bandages and specialized dressings. The most common fabbers have a volume of 4 liters. Larger hand tools and devices are produced as 2 or 3 separate parts that must be fitted together. Like CMs, fabbers also contain miniature disposal units.",Moderate,,TRUE,EP.328,
Fixer Swarm,Fixers,Nanotechnology,This is the nanoswarm version of repair spray.,Moderate,,TRUE,EP.329,
Gardener Swarm,Gardeners,Nanotechnology,"This microswarm is useful for a number of agricultural purposes: killing weeds, planting seeds, trimming plants, pollinating, and even harvesting small items. It may also be programmed to simply defoliate an area.",Moderate,,TRUE,EP.329,
General Hive,,Nanotechnology,"General hives are capable of producing any conceivable type of nanobot with the right blueprints and/or programming. Even at their smallest size they are not really portable, with a minimum size being cubes 30 centimeters on a side and a volume of 25 liters.",Expensive,,FALSE,EP.328,
Guardian Nanoswarm,Guardians,Nanotechnology,Guardians watch for and attack other unauthorized swarms. Guardians inflict 1d10 / 2 damage (round up) on other swarms they come into contact with per Action Turn.,Moderate,,TRUE,EP.329,
Healing Vat,,Nanotechnology,"Healing vats were the first type of nanotech medicine developed and remain the most powerful medical devices in common use. With the exception of a few exceptionally deadly nanoplagues, a healing vat can cure any disease and heal any injury. As long as the patient is alive when they are place in the healing vat, they will not only survive, but emerge without a scratch. A healing vat can even take a severed head (as long as it has been stabilized by medichines or nanotech first aid) and regrow an entire body based on the head's genetics. If the patient's body or medical records contain information about their implants, bioware, or advanced nanotechnology, all of these modifications are also fully restored. Few people suffer injuries serious enough to require a healing vat. Most are used as a safe and easy way to perform bodysculpting or to install implants or bioware. Healing vats use specialized nanomachines to either alter the patient's body or integrate implants or bioware. One advantage of using a healing vat is that no additional healing time is needed, the patient leaves the vat fully recovered from the augmentation and ready to go. Every hospital, clinic, bodyshop, and augmentation parlor has several healing vats. The time required by a healing vat varies with the severity of the damage it is healing or the extent of the modification being made, as noted on the Healing Vat table.",High,,TRUE,EP.326,
Injector Swarm,Injectors,Nanotechnology,"Injector microswarms are equipped with tiny needles and a drug payload. A biological target affected by an injector swarm suffers 1 point of damage and the effects of the carried drug, chemical, or toxin.",Moderate,,TRUE,TH.213,
Maker,,Nanotechnology,"Makers are specially-designed to produce food and drink for the user. Raw materials can be provided by the addition of any water-containing liquid and collected biomass like leftover food, grass, dirt, dead animals, or transhuman waste. Some models are built into standard vacsuits. Makers can produce water and various  flavored beverages, as well as ration bars or thick pudding-like edible gels. With adequate raw material, a maker can indefinitely provide food and drink for up to three transhumans. Most units, however, have a very limited range of flavors and textures that are widely considered to be fairly bad. Models with a wider and better range of flavors and textures are more expensive, but produce food that is considered adequate or occasionally good.",Low,,TRUE,EP.328,
Mote Swarm,Motes,Nanotechnology,"Micro-sized computers that come in packages of 500 (or more). They are spread around an area, creating an ad hoc mesh network.",Low,,TRUE,GC.155,
Nanodetectors,,Nanotechnology,"Nanodetectors are small devices that suck in air and micro debris in order to scan for and detect nanobots. Given that nanobots are so small, the density of nanobots in the area has a large impact on its success. The nanodetector has a base skill of 30 for detecting nanobots, modified by +30 if an active nanoswarm or hive is present, +0 if a nanoswarm or hive was active recently, and -10 for the presence of nanobots outside of a swarm or hive. Once a nanobot is detected it may be analyzed either by the user or the nanodetectors AI, using Academics: Nanotechnology 30 skill. Nanodetectors are often worn and left on, set to alert the user if a hostile nanoswarm is detected. [Low]",Low,,TRUE,EP.327,
Nanomask,,Nanotechnology,This makeup nanobot application decorates the character's face in changing artistic and aesthetic styles that also happen to deter the capabilities of facial recognition software. It provides a -30 modifier to attempts to identify the subject using facial recognition. Some habitats ban this accessory.,Low,,TRUE,FW.175,-30 against facial recognition
Nanotat Eraser,,Nanotechnology,This illegal nanoswarm is designed to eradicate all signs of nanotatIDs. It takes 5 minutes and itches like crazy.,Expensive,,FALSE,PO.152,
Protean Swarm,Proteans,Nanotechnology,"This nanoswarm is designed to disassemble other materials and objects and to create a single specific, pre-programmed device from the components (much like a specialized nanofabricator). The proteans must be able to scavenge appropriate raw materials (for example, to create a metallic device the nanobots must transform something else made of metal). The construction time takes 1 hour per cost category of the item (1 hour for a Trivial cost item, 2 hours for Low, etc.).",High,,TRUE,EP.329,
Saboteur Swarm,Saboteurs,Nanotechnology,"This microswarm is useful for a number of agricultural purposes: killing weeds, planting seeds, trimming plants, pollinating, and even harvesting small items. It may also be programmed to simply defoliate an area.",Moderate,,TRUE,EP.329,
Scout Swarm,Scouts,Nanotechnology,"A scout nanoswarm will systematically map and explore an area, collecting samples of all materials and substances it encounters. The samples are carried back to the hive or canister and chemically analyzed. Scouts can also be used for forensic purposes, collecting DNA samples, analyzing chemical residues, and examining other evidence.",High,,TRUE,EP.329,
Sensor Motes,,Nanotechnology,"As ""Motes"" but with sensor input. Cameras are common.",Moderate,,TRUE,GC.155,
Smart Plankton,,Nanotechnology,"A variant of smart dust designed for underwater use. This swarm can record video, audio, temperature, chemical traces and movement. ",Moderate,,TRUE,PO.152,
Specialized Hive,,Nanotechnology,"Specialized hives are far more common than general hives, though they can produce only one type of nanomachines (i.e., choose one type of nanoswarm per hive). The smallest specialized hives are approximately the size of a 12-gauge shotgun shell or a large cherry tomato.",Moderate,,TRUE,EP.328,
Suborning Swarm,,Nanotechnology,"This nanotechnology is highly restricted in most of the solar system, including on all worlds and habitats controlled by the Planetary Consortium. The nanobots in this swarm are programmed to identify all sensors and devices that transmit any signal in the electromagnetic spectrum. This includes radios, ectos, communication links, microbugs, x-ray emitters, etc. Once identified, the swarm's operator can order the nanobots to suborn these sensors and transmitters. Nanomachines in the swarm then attach themselves to all of these devices in the area and can attempt to either disable or tap into them.

Disabling sensors and transmitters is rather easy; the swarm simply creates enough electromagnetic interference in and around the device to make it unusable. Make a Simple Test using the swarm's Hardware: Electronics skill of 40. Success indicates all devices have been temporarily disabled. Failure means that a small portion of devices remain active or semi-functional. Large devices may not be disabled. Each swarm can disable sensors and transmitters for up to 1 hour before it must be recharged. Temporary disablement has no long-term damaging effects on the devices. Operators of the devices may attempt to overrride the jamming; in this case the operator must succeed in an Variable Opposed Interfacing Test against the swarm's skill of 40, per the rules for Radio Jamming, p. 262, EP.

Tapping into devices is more difficult. In this case, make a regular test using the swarm's Hardware: Electronics skill of 40. It is recommended the game- master apply a single roll to determine the swarm's general effectiveness, and handle individual devices on a case-by-case basis as needed. If successful, the swarm siphons sensor and communication feeds through physical taps in the devices' internal electronics. Note that encrypted transmissions are not decoded, though the operator (or their muse) can attempt to decrypt them on an individual basis.

Suborning swarms are ineffective against other nanoswarms (including smart dust) and the sensory and communication implants and enhancements of biomorphs. They are, however, effective against the sensors and communications of robots and synthmorphs, and are especially dangerous to swarmanoids (including skulkers and smart swarms), as they inhibit the ability of the swarmanoid components to communicate. If the Hardware: Electronics Test to disable is successful against a swarmanoid, that morph suffers a negative modifier equal to the suborning swarm's MoS for as long as it remains in the swarm's area of effect.",High,,TRUE,FW.175,
Subverbee Swarm,Subverbees,Nanotechnology,"Subverbees create a distributed processing network hidden in a hab's gardener wasp swarms, cleaner nanoswarms, or other systems. The subverbees ""inoculate"" the targeted system with tiny processors that piggyback onto the mesh connections of their hosts. The resulting processing network doesn't have enough power to run AIs or simulspaces, but it can host a VPN, store data, and act as a concealed router for other mesh traffic.",Expensive,,FALSE,FW.175,
Taggant Swarm,Taggants,Nanotechnology,"Taggants seek to lodge themselves onto everything in their area of dispersal. Each carries a unique identifier, so that if it is found later, the tagged person or object can be linked back to the point they were tagged. Taggants can be programmed to remain silent, only responding to query broadcasts made with the proper crypto codes, or they can be programmed to broadcast their location back to the deployer via the mesh.",Low,,TRUE,EP.329,
AR Illusions,,Programs,These databases of AR clips can be used to create realistic illusions in someone's entoptic display.,Moderate,,FALSE,EP.331,
Behavioral Psych,,Programs,A program that uses provided data to build a psychological profile. Has Academics: Psychology 80 and gives +20 bonus to psychology tests.,High,,FALSE,PO.156,
Cartography Package,,Programs,This software is used to build detailed maps. Idealy employed by flying morphs with the Mnemonic Agumentation or Life Recorder implant.,Moderate,,FALSE,TH.199,
Encryption,,Programs,,Low,,FALSE,EP.331,
Event Reconstruction Software,Event Reconstruction,Programs,Combines sensor data to help build a simulspace environment to help investigations. Gives +20 to Investigation Tests where applicable. ,High,,FALSE,PO.156,
Exploit Software,Exploit,Programs,Exploits are hacker tools that take advantage of known vulnerabilities in other software. They are required for intrusion attempts.,High,,FALSE,EP.331,
Facial/Image Recognition Software,Facial/Image Recognition,Programs,"This program can be used to take an image and run a pattern-matching search among public archives. Similar version of this program exist for other biometrics: gait recognition, vocal recognition, etc.",Low,,FALSE,EP.331,
Fake Brainprint Plug-In,,Programs,"A program used by infomorphs and characters with cyberbrains, it allows the user to fake a brainprint scan. ",Expensive,,FALSE,PO.156,
Firewall Software,Firewall,Programs,This program protects a device from hostile intrusion. Every system comes with a standard version of this software by default.,Low,,FALSE,EP.331,
Infection Scanner,,Programs,"This software, which is developed, maintained, and updated by the argonauts, scans software of all types-including files, system processes, ego backups, and infomorphs-for digital exsurgent virus infection. Scanning takes anywhere from 1 Turn (simple files) to 1 hour (infomorphs and backups), depending on the complexity of the software. See Exsurgent Virus Detection (p. 177), for details on handling scans. Note that encrypted software cannot be analyzed.  While the argonaut software is free and open source, various proprietary and forked spin-offs exist with differing costs, detection rates, and specializations.",Trivial,,FALSE,,
Kinesics Software,,Programs,Gives a +10 to Kinesics Tests.,Moderate,,FALSE,PO.156,
Obfuscated Binary,,Programs,"This modification to software clutters a program with additional instructions and unnecessary features, with the goal of concealing its true purpose. It's sometimes used by hackers to avoid having software like exploits or sniffers be discovered if they're captured and their mesh inserts examined. A Programming Test at -30 can determine the true nature of an obfuscated binary, but only if the programmer has reason to suspect something is amiss and specifically searches for it. [One Cost Category Higher Than Software Cost]",Variable,,FALSE,,
Probability Mapping Software,Probability Mapping,Programs,"When supplied with data on a particular person, this software can make a guess as to their likely current whereabouts, activities, and possibly even moods.",High,,FALSE,PO.156,
Radio Motion Detector,,Programs,Software that uses wireless mesh signals to act as a low resolution form of passive radar.,Low,,FALSE,PO.156,
Relationship Mapping Software,Relationship Mapping,Programs,"This program is useful for identifying a person's social relationships, including friends, relatives, lovers, co-workers and conspirators.",Moderate,,FALSE,PO.156,
Skillsoft,,Programs,These programs provide the character with a rating of up to 40 in a single Active skill.,High,,FALSE,,
Sniffer Software,Sniffer,Programs,"Sniffer programs collect all of the transmission that pass to, from, or through the device they are running on.",Moderate,,FALSE,EP.331,
Spoof Spoof,Spoof,Programs,"Spoof is a hacker tool used to fake commands and transmissions, making them seem as if they came from another source.",Moderate,,FALSE,EP.331,
Tactical Network,Tacnet,Programs,These programs allow people in the same squad to share tactical data in real-time.,Moderate,,FALSE,EP.331,
Tracking Software,Tracking,Programs,This software is used to track people by their presence online.,Moderate,,FALSE,EP.331,
XP Software,XP,Programs,"Experience playback recordings are clips of someone else's experiences. Depending on the content, some XP (porn, snuff, crime, etc.) may be restricted in certain jurisdictions. Some XP clips are intentionally modified so that their emotive tracks are more intense, giving the viewer a greater thrill.",Variable,,FALSE,EP.331,
Dream Shells,,Relics,Iktomi-made devices which look vaguely like scallop shells 8 cm across.,Expensive,,FALSE,GC.164,
Fixor,,Relics,"Small orange ovoid which, if pinched, remain perfectly stationary. Each Fixor can support up to 2,300 kg without moving a fraction of a millimeter until pinched again.",Expensive,,FALSE,GC.165,
Scour Rings,,Relics,"A ring with a 26 cm hole. When shaken, a field appears in the hole and any object passing through the field will disintegrate to atoms.",Expensive,,FALSE,GC.165,
Disassembly Tools,,Scavenger Tech,"These tools are useful for salvage ops, breaking down wrecks, or dissembling anything from a habitat room to a vehicle or synthmorph. They include plasma torches, laser cutters, pneumatic jaws, and smart tools like spanners and wrenches that can be adapted to a wide array of connections and  ttings.",High,,TRUE,EP.330,
Mobile Lab,,Scavenger Tech,"The mobile lab is a handheld device that contains all different types of sensors to investigate organic and inorganic liquid, gaseous, and solid components (from soil to tissue samples) and compositions. It performs material analysis using different methods of spectrometry and biochemical testing, comparing results to a built-in database of element and compound spectra. Its built in AI comes equipped with Academic: Chemistry 30.",Moderate,,TRUE,EP.330,
Specimen Container,,Scavenger Tech,"This capsule container is designed to hold samples of any sort (chemical, biological, etc.) in near stasis. It can be programmed to reproduce whatever conditions the user specifies, from cryogenic freezing to extreme heat, or even vacuum or high-pressure atmosphere.",Low,,TRUE,EP.330,
Superthermite Charge,,Scavenger Tech,"These powerful and highly stable demolition charges are made from a combination of nanometals and metal oxides. A single charge can be used to create an explosive blast inflicting 2d10+5 damage. This charge can be shaped with a successful Demolitions Test, focusing the blast in a particular 90-degree direction (for example, to blow through a door). This triples the damage of the blast in the focused direction; in all other directions, the damage is reduced to 1/3rd (round down). Multiple charges apply a cumulative effect.",Moderate,,TRUE,EP.330,
Bedlam,,Scorchers,"Bedlam programs assault the ego with traumatic mental input, inflicting mental stress. Victims are overwhelmed with horrific, monstrous, sanity-ripping sensory and emotional input. Each attack inflicts 1d10 SV.",High,,FALSE,EP.332,1d10 SV
Cauterizer,,Scorchers,This scorch program rips into the ego with destructive neurofeedback routines. Each attack with a cauterizer inflicts 1d10 + 5 DV on the target ego. This damage is reflected as digitized neurological damage.,High,,FALSE,EP.332,1d10 + 5 DV
Nightmare,,Scorchers,"Nightmare programs trigger anxiety and panic attacks within the victim by stimulating the neural circuitry representing the amygdala and hippocampus. The target ego must make a WIL x 2 Test. If they succeed, they are shaken but otherwise unaffected, suffering a -10 modifier to all actions until the end of the next Action Turn. If they fail, they suffers 1d10 / 2 stress damage and are overcome with panic. This causes them either to blindly flee, have a nervous breakdown, or cower in frozen shock (gamemaster's discretion). This panic episode lasts for 1 Action Turn per 10 points of MoF.",High,,FALSE,EP.332,(1d10 / 2) x (MoF / 10) SV on WILx2 failure
Shutter,,Scorchers,"Shutters target the victim's sensory cortices, inflicting a -30 modifier to one chosen sense. Double this modifier if the attacking hacker scored an Excellent Success. This modifier reduces at the rate of 10 points per Action Turn.",High,,FALSE,EP.332,-30 to one sense
Spasm,,Scorchers,"Spasm programs are design to incapacitate the ego with excruciating pain. Affected targets must immediately make a WIL x 2 Test. If they fail, they immediately convulse, are disabled, and writhe in agony for 1 Action Turns per 10 full points of MoF. If they succeed, they still suffer a -30 modifier to all actions, which reduces at the rate of 10 points per Action Turn. Due to the nature of the delivery, pain tolerance of any sort has no effect.",High,,FALSE,EP.332,"Pain on WILx2 failure, -30 to all actions on success"
Active Hyperspectral Imager,,Sensors,"The active model incorporates infrared, ultraviolet, terahertz and radar imaging. See the rules for hyperspectral sensors, PO p. 162.",High,,TRUE,PO.153,
Analog Sensors/Tools,,Sensors,"Given the digital characteristics of the exsurgent virus and the potential of sensory-based basilisk hacks, some agents and researchers have resorted to using archaic analog gear for specific missions and tasks deemed high-risk. Specific examples of analog gear include film-based cameras, tape-based audio recorders, VCRs, wired-based phone lines, analog radio devices, and low-resolution and filtered micro- phones, speakers, and video displays. While such gear is cheap and easily nanofabricated, it is clumsier, slower, more difficult to use, more prone to malfunc- tion, relies on physical media, and is generally a pain in the ass to work with. Characters using analog gear typically suffer -20 or -30 to skill tests. On the positive side, such methods usually provide +10 to +30 bonuses against basilisk hacks (gamemaster's discretion), if not immunity.",Trivial,,TRUE,FW.176,
Blood Scanner,,Sensors,"Blood scanners are used to detect infection by the biological nanovirus strain of the exsurgent virus. The scanner is simply pressed against the skin of a biomorph (or other living creature) so that microneedles can painlessly extract blood samples from capillaries. These samples are then analyzed and compared to a database of known nanoviral strains. See Exsurgent Virus Detection (Firewal p. 177), for details on handling scans.",Trivial,,TRUE,FW.176,
Brain Print Scanner,,Sensors,"This portable skullcap takes approximately 5 minutes to thoroughly scan a subject's brain patterns, producing a verifiable brain print.",Moderate,,TRUE,PO.152,
Deception Scanner,,Sensors,"This device is used to scan a subject's brain activity for patterns indicating deception. There are two versions, digital and analog.

The digital scanner model plugs into the access jacks of a pod or synthmorph or establishes a wireless connection with the morph's basic mesh inserts. With analog scanners, a band is placed around the subject's head to measure brain activity with fMRI. The analog version only works on morphs with biological brains (meaning it doesn't work on pods or cyberbrained biomorphs but does work on biocore morphs).

The subject's responses to questioning are matched against a database of patterns known to indicate deception. In game terms, the scanner makes an Opposed Test, pitting its Perception 60 against the target's Deception skill; success indicates it detects falsehoods. Deception scanners can be used to monitor a subject's response patterns over time to increase their likelihood of spotting lies. For each hour a scanner is used on the same subject, apply a cumulative +10 modifier to its Perception Test, up to a maximum of +30. Note that subjects who are emotionally distressed, suffer from mental disorders, or have undergone physical exertion are harder to read; gamemasters should apply a -10 to -30 to the Perception Test as they feel appropriate. Subjects with edited memories may be unaware they are telling falsehoods and will not fail the test.

In many jurisdictions, failure on a deception scanner is not enough to gain a conviction and can't be used in court, as they are known to be only partially reliable and sometimes return false positives. It is, however, used as a legal justification for engaging in psychosurgery to explore the subject's memories.

Digital detection scanners have no effect against targets with truth filter cyberware. However, the scanner can be used to detect the presence of truthfilter cyberware with a successful Interfacing Test at -30.",Low,,TRUE,FW.176,
Fiber Camera,,Sensors,"This camera is made from polymer fabrics, like clothing, that record visual wavelengths but without a lens making them immune to dazzlers and lens spotters.",Moderate,,TRUE,PO.152,
Fiberoptic Microphone,,Sensors,"This device is a flexible and mesh-controllable length of fiberoptic cable, it can record infrasound and ultrasound. +10 to hearing Perception Tests. ",Low,,TRUE,PO.152,
Flat Camera,,Sensors,"These cameras rely on an array of tiny, networked micro-lensed imagers. These systems are flat and are easily hidden. Apply ?20 to visually spot.",Moderate,,TRUE,PO.152,
Ghost Imager,,Sensors,These devices ignore all visual modifiers and they can see in infrared as well as standard visual frequencies.,High,,TRUE,PO.152,
Hyperspectral Flat Camera,,Sensors,"These cameras rely on an array of tiny, networked micro-lensed imagers. These systems are flat and are easily hidden. Apply ?20 to visually spot.",High,,TRUE,PO.152,
Hyperspectral Microphone,,Sensors,"A hyperspectral mic hears the entire audio spectrum, from infrasonic to ultrasonic frequencies.",Moderate,,TRUE,PO.153,
Hyperspectral Super-Wide Camera,,Sensors,This camera can view a 300 square kilometres with a 0.1 meter resolution. ,High,,TRUE,PO.153,
ID Scanner,,Sensors,This small hand-held device is used to read the nanotat IDs carried by most morphs,Low,,TRUE,PO.153,
Metal Detector,,Sensors,"These devices use frequency induction to detect metals that are not apparent. They can be used to locate weapons, cyberware, or contraband.",Low,,TRUE,PO.153,
Motion Detector,,Sensors,This device is able to operate passively or actively to detect movement within its vicinity. ,Low,,TRUE,PO.153,
Neural Verifier,,Sensors,"This handheld device was designed by the argonauts to test subjects for exsurgent infection. It either is plugged into the access jacks of a pod or synthmorph or establishes a wireless connection with the target morph's basic mesh inserts. Sensory input is fed to the subject while their brain patterns are analyzed and compared to a database of known exsurgent infection tells.

The verifier can be used to run quick or thorough tests. Quick scans take only 30 seconds, but are less accurate (50% detection rate). Thorough scans take 1 hour, but have a higher detection rate (80%). See Exsurgent Virus Detection (below), for details on handling scans.

If the verifier detects an exsurgent infection, it immediately disables its wireless capability, flashes a visible physical (not AR) warning (the entire device flashes a bright neon red color three times), and self- destructs so as to prevent it from being infected and used as an infection vector.",Low,,TRUE,FW.177,
Passive Hyperspectral Imager,,Sensors,"The passive model perceives infrared to ultraviolet frequencies. See the rules for hyperspectral sensors, PO p. 162.",Moderate,,TRUE,PO.153,
Personal Interaction Sensor,,Sensors,A worn device that gives users a +20 modifier to Kinesics Tests.,Moderate,,TRUE,PO.153,
Quantum Dot Camera Displays,,Sensors,"These devices act as both a display and a camera, they can be painted on any surface, are hyperspectral and do not have lenses.",High,,TRUE,PO.153,
Quantum Radar,,Sensors,This device uses entangled emissions to provide a high resolution image to the user. +20 to Perception Tests using this system. ,High,,TRUE,PO.153,
Sensor Concealment,,Sensors,This modification applies a -30 to tests to spot and identity sensors.,Low,,TRUE,PO.153,
Super-Wide Camera,,Sensors,This camera can view a 300 square kilometres with a 0.1 meter resolution. ,Moderate,,TRUE,PO.153,
Active ID Protection,,Services,An active service that goes out of its way to protect an identity. Notifying authorities of theft attempts and directly blocking attacks.,Moderate,,FALSE,PO.154,
Animal Training,,Services,One month of training for an animal.,Moderate,,FALSE,PO.154,
Anonymous Account,,Services,These accounts are crucial for anyone who wants to be discreet with their online transactions. See Anonymous Account Services.,Moderate,,FALSE,EP.330,
Backup,,Services,"A single, one-time backup without insurance is sometimes all the poor can afford, hoping that they can buy backup insurance later or that someone that cared about them will see to a resleeving.",Moderate,,FALSE,EP.330,
Backup Insurance (Budget),Backup Insurance,Services,"In the event of verifiable death, or after a set period of being missing, backup insurance will arrange for your cortical stack to be retrieved and your ego downloaded into another morph. If the cortical stack cannot be retrieved, your most recent backup is used. Most policies require that the holder provide a backup to be uploaded into secure storage at least twice a year. This industry works in a manner similar to insurance underwriting in terms of cost and individuals engaged in high risk professions can expect to pay a premium for the service. Additionally, attempts to retrieve a cortical stack are minimal unless one wants to pay for some extra effort (a thriving industry of paramilitary ego-repo operatives exists for this purpose).",Low,,FALSE,EP.330,
Backup Insurance (Quality),,Services,"In the event of verifiable death, or after a set period of being missing, backup insurance will arrange for your cortical stack to be retrieved and your ego downloaded into another morph. If the cortical stack cannot be retrieved, your most recent backup is used. Most policies require that the holder provide a backup to be uploaded into secure storage at least twice a year. This industry works in a manner similar to insurance underwriting in terms of cost and individuals engaged in high risk professions can expect to pay a premium for the service. Additionally, attempts to retrieve a cortical stack are minimal unless one wants to pay for some extra effort (a thriving industry of paramilitary ego-repo operatives exists for this purpose).",Moderate,,FALSE,EP.330,
Blind Spot/Route,,Services,A map into or out of a location that is normally under surveillance. ,High,,FALSE,PO.154,
Body Bank,,Services,People who are egocasting to another station but whom hope to download back into the same body they have before when they return may put the morph on ice for the duration of their absence.,Moderate,,FALSE,EP.331,
Bot/Pod Rental,,Services,"When you need a helping hand or a personal companion for a day or two, renting a bot or pod is often the way to go.",Moderate,,FALSE,,
Egocasting,,Services,"This is the use of a farcaster to transmit an ego/infomorph. Farcasting is not cheap, and the cost is impacted by factors such as distance to receiver station and priority service (paying extra to get bumped ahead in line).",Expensive,,FALSE,,
Fake Ego ID,,Services,"This forged ID will pass in most inner system and Jovian Republic habitats, and sometimes others.",High,,FALSE,EP.331,
Large Animal Care,,Services,Care for a large animal for a week.,Moderate,,FALSE,PO.154,
Passive ID Protection,,Services,Services to monitor ID to prevent theft or abuse.,Low,,FALSE,PO.154,
Privacy Suite,,Services,An hours access to a private room.,Low,,FALSE,PO.154,
Private Sensor Feed,,Services,Rented access to a high quality sensor feed.,Low,,FALSE,PO.154,
Psychosurgery,,Services,"A character can purchase time in an immersive high-fidelity simulspace with expert care from psychosurgeons and AIs in order to cope with derangements and disorders that build up as a result of existing in a transhuman universe. For an additional price the procedure can be time shifted to speed up the relative time within the simulspace. For more details, see Mental Healing and Psychotherapy, and Psychosurgery.",Moderate,,FALSE,,
Simulspace Pass,Simulspace,Services,"This will buy you access to the simulspace of your choice, whether you want it for a private meeting/vacation or to play the latest and hottest VR game.",Low,,FALSE,,
Simulspace Subscription,,Services,"This will buy you access to the simulspace of your choice, whether you want it for a private meeting/vacation or to play the latest and hottest VR game.",Moderate,,FALSE,EP.331,
Small Animal Care,,Services,Care for a small/medium animal for a week.,Low,,FALSE,PO.154,
Space Travel,,Services,"Space transport cost depends on a number of factors like distance, quality of lodgings, and how much cargo you're bringing with. At the low end, an intra-habitat shuttle trip within the same cluster, or a trip to or from a planetary body's surface and orbit, is High: not cheap, but affordable. Travel from one habitat or planet to another is Expensive.",Expensive,,FALSE,,
Basic Cold Weather Gear,,Survival Gear,"Cold weather suit w/ face mask and goggles protects from cold temperatures to -50C, allows full maneuverability.",Trivial,,TRUE,SW.167,
Bio-Defense Swarm,,Survival Gear,"A swarm of bio-defense nanobots may be purchased separately in simple canisters from which they can be programmed and released to cover a 10-meter radius area. Without the hive, this nanoswarm will deplete to ineffectiveness after 2 weeks.",Moderate,,TRUE,GC.157,
Bio-Defense Unit,,Survival Gear,"Though it is unlikely that gatecrashers will catch an alien disease, they are more likely to suffer (some- times severe) allergic reactions to alien compounds or encounter alien life or environments that are poisonous, acidic, or otherwise harmful. In order to create a safe zone for an encampment in an alien environment, gatecrashers may deploy a bio-defense unit (BDU). This device consists of an advanced nanotech hive that deploys a nanobot swarm over a small area, specifically designed to destroy and break down all life or other complex organic molecules that are alien or toxic/dangerous to transhumans. The nanobots produced by this unit have no effect on any Earth-derived life or on any safe compounds they produce.

However, all known alien life possesses biochemistries that are highly distinctive and so a BDU can easily destroy all non-Earth life without risking any harm to gatecrashers or any pets, test animals, or biological compounds they bring with them from the solar system. The operator can also add specific alien life forms and compounds to the list of targets that the BDU will specifically not attack. 

The BDU is a small 15-centimeter hemisphere that contains the hive and a swarm of nanobots. When activated, the swarm deploys over an area 20 meters in diameter (or less if the operator desires). Users can combine multiple BDUs to clear larger areas. Within the designated area, the nanobots destroy and break down all alien life and remove every trace of alien biological activity, leaving behind only sterile soil, bare rock, and pure water. In addition to removing potential toxins, the BDU also clears an area of even the sturdiest alien plants that might interfere with setting up camp. Alien life that wanders into the protected area automatically suffers 1d10  2 DV per Action Turn. If the creature has armor this will be eaten away first. This damage continues as long as the creature remains within the protected area. This process is sufficiently painful that almost all alien life swiftly flees the protected area. Outside of the safe zone, the nanobots deactivate and break down. [High] ",High,,TRUE,GC.157,
Breadcrumb Positioning System,Breadcrumb System,Survival Gear,"This worn device leaves micro ""breadcrumbs"" behind as the character moves. These devices interact with mesh inserts (or ectos) as long as they are within range (50 meters), allowing the user to map their position in relation to the breadcrumb trail. This is useful in derelict habitats, wilderness, and other areas where there is no local functioning mesh, and is helpful both for mapping and for finding one's way back.",Low,,TRUE,EP.332,
Breather,,Survival Gear,Backpack unit can supply breathable oxygen indefinitely when supplied with 1kg of water and 2 hrs of sunlight /day. ,Low,,TRUE,SW.167,
Breather Bladder,,Survival Gear,An accessory to Breather unit stores waste methane to be used to fuel machinery. ,Trivial,,TRUE,SW.167,
Breather w/extra power,,Survival Gear,Backup power supply for Breather unit increases operational time to 1 week without sunlight.,Moderate,,TRUE,SW.167,
Cold Weather Gear,,Survival Gear,"This is a full suit of clothing for extreme cold weather, including boots, jacket, pants, gloves, face mask, and goggles, with apertures and clips for breathing equipment. Much less bulky than its antique equivalents, these suits allow full maneuverability. They come in two versions",Trivial,,TRUE,,
Cold Weather Gear (survival),,Survival Gear,"This is a full suit of clothing for extreme cold weather, including boots, jacket, pants, gloves, face mask, and goggles, with apertures and clips for breathing equipment. Much less bulky than its antique equivalents, these suits allow full maneuverability.",Low,,TRUE,,
Defense Beacons,,Survival Gear,"Gatecrashers usually have no idea what sort of hostile entities they may face on a new world. When making camp or investigating an area, defense beacons keep gatecrashers from being surprised by dangerous wildlife, rival parties of gatecrashers, or ancient auto- mated defense systems. This set of defense beacons consists of a medium-sized portable pack containing four rods, each half a meter in length and 3 centimeters in diameter. These rods telescope out to 3 meters in height and are designed to be hammered into or attached to any surface.

Each rod contains a series of infrared, radar, and ultrasonic sensors as well as powerful miniature speakers, a stunner, and a microwave agonizer capable of ring in both normal and roast mode (p. 339, EP). To use this device, the operator places the four rods upright in a square or rectangle around the camp or other area that they wish to protect. Each rod can be as far as 30 meters from the two nearest rods. Additional defense beacon packs may be deployed to cover a larger perimeter. The operator then designates those individuals and devices that are allowed to freely cross the barrier created by these rods and also determines the minimum size of intruders that will be defended against and the level of defense. Once in place, defense beacons warn everyone inside the camp, using either speakers or radio, of any intruders either coming within 30 meters or attempting to cross the invisible fence created by the four rods. Also, defense beacons can be programmed to use the stunners or microwave agonizers against any intruders (they have Beam Weapons skill 40). Meanwhile, the inhabitants of the camp can walk in or out of the protected area without harm or annoyance.",Moderate,,TRUE,GC.157,
Electrogravitic Net,,Survival Gear,"Also called a safety net, this fail-safe system uses electric fields to counter gravity when falling. While the system is not able to actually levitate heavy objects, it will slow down a fall enough that the user can land safely if the gravitational force is not too high (the fall height is not greater than 50 meters in 1G). Generating these electric fields consumes a lot of energy, so the net is only charged for one use only and needs to be recharged afterwards.",Moderate,,TRUE,EP.332,
Electronic Rope,,Survival Gear,"The fibers in this rope can be controlled electronically, making it move in a snake-like fashion, stiffen up, and even wrap around objects. Typically comes in a 50-meter length capable of supporting 250 kg.",Low,,TRUE,EP.332,
Emergency Bubble,,Survival Gear,"Commonly used as a last resort ""life raft"" on spaceships, an emergency bubble is made of advanced smart materials and comes in a portable package that can be quickly inflated (1 Action Turn) around the user, usually inside an airlock. The bubble has a 5-meter diameter and can comfortably accommodate 4 people. It maintains 1 atmosphere of pressure in a vacuum, protect the inhabitants from temperatures ranging from -175 to 140 C, and provide light, breathable air and water and food recycling for up to four human-sized inhabitants, using its built in maker. It features a simple airlock, carries an emergency distress beacon (below), and can be transparent, opaque, or polarized. It is powered by a small nuclear battery and also includes comfortable inflatable furniture.",Moderate,,TRUE,EP.332,
Emergency Distress Beacon,Emergency Beacon,Survival Gear,"This small but powerful transmitter is powered by a nuclear battery and will broadcast any programmed distress call for years. Though portable and medium-sized, this beacon has a range of 500 km in urban areas and 5,000 km elsewhere.",Moderate,,TRUE,EP.333,
Emergency Rations,,Survival Gear,"Sometimes all technology fails. Even the best makers and life support systems can break down or be disabled by hostile actions. Since alien plants and animals are almost universally inedible, some gatecrashers carry along a supply of compressed emergency rations. The most common form of emergency food is a mini-sized package of 9 small bars that supply complete calories and nutrition for a total of 3 full days. Most people consider food created by even the cheapest maker to be gourmet cuisine when compared to these rations.",Trivial,,TRUE,GC.157,
Filter Straw,,Survival Gear,"Designed to function without power or the need for any active nanotechnology, filter straws contain a set of specially designed self-cleaning microfilters that allow the user to safely drink any liquid that contains even a small amount of water. Filtration straws filter out mud, salt, and all dissolved chemicals or suspended particles. They are the size of large drinking straws and are flexible.",Trivial,,TRUE,GC.159,
Flashlight,,Survival Gear,"These handheld, wearable, or portable lights can display light in the normal visual spectrum, infrared, or ultraviolet, as desired.",Trivial,,TRUE,EP.333,
Healing Pod,,Survival Gear,"Healing vats are too expensive and bulky for most gate- crashers to carry with them. However, both medichines and nanobandages heal wounds at a much slower rate. Also, neither of these two types of medical technology can deal with the most severely wounded morphs. Instead, both place such morphs in medical stasis. Since gatecrashers can rarely afford to either wait several days to heal or to carry around a comrade in medical stasis, a disposable healing pod was developed. This small-sized device contains a wide variety of advanced medical repair and life support nanotechnology.

To use this device, the patient must either be in a functional vacsuit or the healing pod must be connected to a Life-Support Pack (p. 159) and the patient placed into a morph-sized sack that is included with the device. When the healing pod is activated, the units compressed nanobots swarm out, envelop the patient, and thoroughly infiltrate their body. These nanobots heal the patient with the same speed and effectiveness as a healing vat (p. 326, EP). 

A version of the healing pod exists that is designed to repair synthmorphs. It does not require a working vacsuit or an LSP and comes with a limited supply of the raw materials needed for synthmorph repair. A single healing pod can heal either biomorphs or synthmorphs, not both. 

Healing pods can be re-used, but their nanotech is only able to heal a total of 10 wounds. Once a healing pod has healed that many wounds, the medical nanobots have been used up and a new healing pod must be acquired.",Moderate,,TRUE,GC.159,
Hibernation Pod,,Survival Gear,Once activated the device becomes a rigid pod filled with both solid foam and the user. This device works on all biomorphs and pods.,Moderate,,TRUE,RW.193,
Large Air Mask,,Survival Gear,A simple breathing mask with a 12 hour air supply.,Low,,TRUE,PO.157,
Large Oxygen Candles,,Survival Gear,Provides 75 man hours of oxygen when ignited.,Moderate,,TRUE,PO.157,
Life Support Pack,,Survival Gear,"Ordinary vacsuits are only designed for relatively short term use, but gatecrashers might stay on uninhabit- able worlds for many weeks. A life-support pack (LSP) is a thick belt that contains a small nuclear battery as well as advanced  lters and a specialized maker that allow it to supply the wearer with pure air for up to 30 days. If the wearer periodically adds water or ice or spends time in an atmosphere containing oxygen, even if this oxygen is part of carbon dioxide or some other gas, then the LSP automatically replenishes its oxygen supply and can continue to provide air for the wearer for the next two years. The LSPs nuclear battery is also designed to interface with the vacsuit it is attached to, allowing it to power that suit for a similar length of time. LSPs can be worn with either light or standard vacsuits, but are most useful when used with standard vacsuits, since they also provide the wearer with food and water.",Moderate,,TRUE,GC.159,
Nanobandage,,Survival Gear,"Characters without medichines must rely on external sources of healing. The most common option is the nanobandage a plum-sized advanced nanotechnology generator built into a reusable, self-sterilizing bandage. It can treat all forms of injury and illness, from poisoning to burns to trauma. Characters simply apply the bandage to the wound and let the nanobots do the work. It removes pain and discomfort and speeds healing. For especially severe injuries, physical first aid such as setting bones and removing projectiles may be necessary (gamemaster's choice). If the wounds are too severe (the patient has suffered more than five wounds), the unit places the patient in medical stasis and radios for emergency services.",Trivial,,TRUE,EP.333,
Pressure Tent (2 person),Pressure Tent,Survival Gear,"This is a collapsible shelter for two people, plus gear. Pressure tents contain heating and will inflate with a breathable atmosphere using a breather-like device.",Low,,TRUE,SW.168,
Pressure Tent (4 person),,Survival Gear,"This is a collapsible shelter for four people, plus gear. Pressure tents contain heating and will inflate with a breathable atmosphere using a breather-like device.",Moderate,,TRUE,SW.168,
Repair Spray,,Survival Gear,"This nanobot generator creates nanobots designed to repair synthmorphs, vehicles, and other common objects. Repair spray contains the specifications and plans for almost all commonly used synthmorphs and devices and is a ubiquitous household item. If it does not contain the specifications for something it is being used to repair, it must query the object's voice for these details, otherwise it cannot repair it. Simply touch it to the damaged area, push the button on top, and it sprays out a number of nanobots sufficient to make repairs. These nanobots repair 1d10 points of damage per 2 hours. Once all damage is restored, the nanobots repair wounds at the rate of 1 per day. Repair spray also cleans and polishes items and returns them to a pristine and new state. Repair spray is not effective on any object with more than 3 wounds, but it provides a +30 to all repair rolls on anything too badly damaged for it to fully repair.",Low,,TRUE,EP.333,
Shelter Dome,,Survival Gear,"A variant of the emergency bubble, this package unfolds into a dome with a 2.5-meter ceiling and a floor 4 meters across. To safely use this shelter, it must be staked down to the surface it is placed on.",Moderate,,TRUE,EP.333,
Small Air Mask,Air Mask,Survival Gear,A simple breathing mask with a 2 hour air supply.,Trivial,,TRUE,PO.157,
Small Oxygen Candles,,Survival Gear,Provides 15 man hours of oxygen when ignited.,Low,,TRUE,PO.157,
Smart Anchors,,Survival Gear,This harness deploys up to 6 cables with a reach of 10m to fasten to a surface. When needed the device will retract then re-deploy cables.,Low,,TRUE,RW.193,
Spindle,,Survival Gear,"A spindle is an advanced nanotechnology generator that produces a super-strong cable. It can produce up to 2 kilometers of 0.2 millimeter diameter line than can support up to 250 kilograms before it needs more raw materials. The spindle can produce up to 20 meters of cable every second. It can produce line in a continuous length or cut the cable it produces to any length. Spindles can also reabsorb their cable, retracting it at a rate of 5 m per second. As long as it is recharged and has small amounts of additional material added every 1,000 hours of use, a spindle can keep producing and retracting cable indefinitely. By setting the maximum production speed at 10 m/second a character with a spindle can safely jump off a building and land safely, using the cable to slow their descent.",Moderate,,TRUE,EP.333,
Spindle Climber,,Survival Gear,"This device attaches to a spindle and transforms it into a highly effective climbing device. The spindle climber has two functions. First, it attaches hardened tips to the spindle's cable and fires it at high speed, up to 50 meters, with sufficient force to imbed the tip into almost any sufficiently durable surface. Second, the spindle climber can pull itself and up to 250 kg up the cable at a speed of up to 2 m/sec. A spindle climber has enough power to shoot and pull up the cable 50 times before it must be recharged. A spindle fits inside a spindle climber.",Low,,TRUE,EP.333,
Survival Belt,,Survival Gear,"This widely used item is a collection of tools that are useful or essential to gatecrashers, all in a comfortable and durable belt with more than a dozen pockets. The standard survival belt contains the following:

 Basic Tool Kit (p. 326, EP)
 Breadcrumb Positioning System (p. 332, EP)
 Electronic Rope (10 meters) (p. 332, EP)
 Emergency Rations (p. 158) Filter Straws (3) (p. 159)
 Flashlight (p. 333, EP)
 Flex Cutter (p. 334, EP)
 2 Nanobandages (p. 333, EP)
 Solar Recharger (p. 155)
 Radio Booster (p. 314, EP)
 Recon Hopper (p. 161) or Recon Flyer (p. 161)
 Repair Spray (p. 333, EP) 
 Utilitool (p. 326, EP)
 Viewers (p. 326, EP) ",Moderate,,TRUE,GC.159,
Survival Cold Weather gear,,Survival Gear,"Cold weather suit w/ face mask and goggles protects from cold temperatures to -100C, allows full maneuverability, partially pressurized.",Low,,TRUE,SW.167,
Adaptive Interface,,Xenoarcheology Gear,"One of the most hoped-for finds on any gatecrashing expedition is any piece of functional alien electronicsespecially any alien data storage medium still containing data. In the rare circumstances that such a relic is found, the adaptive interface is the tool designed to enable transhumans to understand, activate, and potentially interact with it.

This medium-sized device includes a series of smart-material connectors that allow this unit to be connected to almost any conceivable piece of technology. It is also equipped with sensors and a small nanoswarm that can analyze the devices structure and otherwise try to discern its inner workings. Once connected, the adaptive interface sends minute amounts of power into the alien device, monitors all outputs, and systematically attempts to identify and map the circuitry and logic patterns in the device as well as the safe amount and type of current used to power it. The interfaces AI compares the scans and any detected data structures to databases of known and speculated designs (Academics: Computer Science 80, Academics: Electrical Engineering 80, Academics: Xenodata 60, Infosec 40, Interfacing 40, Programming 40).

An adaptive interface can be set up to analyze on its own (use the AIs skills) or a character can take advantage of it to conduct their own study (with the AI providing teamwork). Attempts to figure out how to activate or use an alien device, read data on a relic, figure out an items purpose, etc. are Task Actions with a suggested timeframe of at least 1 hour and quite possibly longer. The alien nature of most devices applies a 30 modifier to such tests. The gamemaster should adjust this timeframe and apply additional modifiers as appropriate to the device.

While engaged in probing an alien device, the adaptive interface enters into an offline mode, severing all wireless connections; this is safety feature to prevent the interface from spreading an infection to other devices.

The primary limit on this unit is that it is not designed to work with biological technology or with nanotechnology considerably in advance of those available to transhumanity. As a result, this unit cannot be used on bluetrees, myst trees, or any similar non-standard devices.",High,,TRUE,GC.160,
Faraday Container,,Xenoarcheology Gear,"This is a specimen container (p. 330, EP) that is encased in a superconductive charged wire mesh, blocking all radio signals, electrical charges, and electromagnetic radiation from getting in or out. It is commonly used to isolate unknown alien devices.",Low,,TRUE,GC.160,
Scourer Swarm,Scourers,Xenoarcheology Gear,"Scourers are a type of nanoswarm/microswarm (p. 328, EP) and follow all of the normal rules for such. Scourers are used for xenoarcheological digs. They are programmed to analyze the dirt, regolith, ice, or other ground covering in a particular area and then to systematically remove it, layer by layer. Anything that is found that does not match this matter has its location tagged, then the swarm uses ultrasound to clear the item and clean it. Uncovered items are imaged, tagged again, and their data uploaded to a three-dimensional map of the dig site and all objects found.",Moderate,,TRUE,GC.160,
Equipment,Equipment,,A placeholder for found objects,,,FALSE,,
Information,Information,,A placeholder for found information,,,FALSE,,
Software,Software,,A placeholder for found software,,,FALSE,,